"","STATE","year","bottle_can_production","keg_production","sold_in_brewery","total_production"
"1","AK",2007,79423.93,48706.76,2415.76,130546.45
"2","AL",2007,0,0,658.6,658.6
"3","AR",2007,996.65,892.27,1246,3134.92
"4","AZ",2007,6333.37,16159.29,15668.09,38160.75
"5","CA",2007,20276679.66,2031592.76,63557.26,22371829.68
"6","CO",2007,21992825.69,2203524.91,48316.88,24244667.48
"7","CT",2007,2874.84,3347.21,2993.33,9215.38
"8","DC",2007,0,0,2905.21,2905.21
"9","DE",2007,39964.25,19561.75,2396.49,61922.49
"10","FL",2007,8039385.65,1168248.81,8376.9,9216011.36
"11","GA",2007,14117629.75,370951.41,3949.61,14492530.77
"12","HI",2007,2892.23,12167.94,2728.47,17788.64
"13","IA",2007,1213.72,1621.63,6202.53,9037.88
"14","ID",2007,4644.64,6120.91,4246.57,15012.12
"15","IL",2007,686411.86,33285.69,17948.66,737646.21
"16","IN",2007,74919.14,8462.19,7748.24,91129.57
"17","KS",2007,250.42,1167.72,7207.89,8626.03
"18","KY",2007,117259.02,3259.96,4235.65,124754.63
"19","LA",2007,49881.91,25891.84,1455.94,77229.69
"20","MA",2007,48378.1,77178.19,10501.79,136058.08
"21","MD",2007,47397.98,21163.3,8744.83,77306.11
"22","ME",2007,82130.69,38834.04,4725.47,125690.2
"23","MI",2007,65621.64,59678.65,20441.09,145741.38
"24","MN",2007,187203.48,56176.96,8776.75,252157.19
"25","MO",2007,13897374.55,1648121.55,12709.32,15558205.42
"26","MS",2007,61.48,2468.14,0,2529.62
"27","MT",2007,33890.82,34436.33,100.34,68427.49
"28","NC",2007,6954288.19,905166.19,13480.81,7872935.19
"29","ND",2007,0,0,609.06,609.06
"30","NE",2007,1514.32,3623.24,5259.89,10397.45
"31","NH",2007,2735565.87,355237.9,3964.37,3094768.14
"32","NJ",2007,6786713.68,518953.23,5127,7310793.91
"33","NM",2007,3578.14,6123,5818.64,15519.78
"34","NV",2007,216.58,14658.54,15040.24,29915.36
"35","NY",2007,6695785.34,795940.87,11320.37,7503046.58
"36","OH",2007,18093553.98,1684507.38,7119.78,19785181.14
"37","OK",2007,1415.28,561.61,3905.71,5882.6
"38","OR",2007,463171.18,267558.25,16962.21,747691.64
"39","PA",2007,2100671.91,594726.99,20048.89,2715447.79
"40","RI",2007,84.5,3112.5,908.37,4105.37
"41","SC",2007,2663.67,4950.87,3492.61,11107.15
"42","SD",2007,0,907,946.52,1853.52
"43","TN",2007,28.65,8598.27,10370.86,18997.78
"44","TX",2007,18789638.88,1088767.77,7133.91,19885540.56
"45","UT",2007,20537.96,25539.65,6300.55,52378.16
"46","VA",2007,13677700.7,1519072.07,11810.66,15208583.43
"47","VT",2007,197799.34,66877.72,3489.62,268166.68
"48","WA",2007,135954.63,175030,19697.39,330682.02
"49","WI",2007,7394929.6,1129963.27,15433.97,8540326.84
"50","WV",2007,1144.66,853.65,865.02,2863.33
"51","WY",2007,1826.8,2749.59,322.24,4898.63
"52","AK",2008,81218.75,50920.35,2067.69,134206.79
"53","AL",2008,0,157.33,723.53,880.86
"54","AR",2008,1206.73,882.83,1328.35,3417.91
"55","AZ",2008,6980.87,18635.98,14857.81,40474.66
"56","CA",2008,20082718.48,2005517.01,61172.74,22149408.23
"57","CO",2008,24182900.4,2564428.26,48528.59,26795857.25
"58","CT",2008,1985.86,3851.71,2205.67,8043.24
"59","DC",2008,732.36,0,2957.74,3690.1
"60","DE",2008,57376.89,25709.65,2005.33,85091.87
"61","FL",2008,8301524.51,1188745.72,7078.61,9497348.84
"62","GA",2008,14460115.55,412159.15,3751.97,14876026.67
"63","HI",2008,3244.23,13159.64,1875.2,18279.07
"64","IA",2008,1951.71,2113.46,6817.26,10882.43
"65","ID",2008,4710.76,6279.71,3385.1,14375.57
"66","IL",2008,735775.96,39678.85,17941.55,793396.36
"67","IN",2008,7626.27,11103.64,8775.27,27505.18
"68","KS",2008,749,1521.34,7386.89,9657.23
"69","KY",2008,76976.9,4568.13,5205.78,86750.81
"70","LA",2008,53303.39,28163.29,1421.57,82888.25
"71","MA",2008,51229.45,79385.94,10612.91,141228.3
"72","MD",2008,47959.13,23321.62,6787.24,78067.99
"73","ME",2008,76817.87,42649.45,5094.65,124561.97
"74","MI",2008,83937.28,74309.35,21484.83,179731.46
"75","MN",2008,223517.81,62497.37,8568.38,294583.56
"76","MO",2008,14124480.48,1527439.4,14793.83,15666713.71
"77","MS",2008,1952.64,2329.33,0,4281.97
"78","MT",2008,32902.39,36944.52,1039.61,70886.52
"79","NC",2008,6717728.97,834274.14,14561.53,7566564.64
"80","ND",2008,0,0,648.33,648.33
"81","NE",2008,1792.16,3524.26,3927.23,9243.65
"82","NH",2008,2786576.49,331130.43,4543.38,3122250.3
"83","NJ",2008,6600357.44,489576.07,4958.4,7094891.91
"84","NM",2008,4447.6,5965.5,7263.27,17676.37
"85","NV",2008,234.05,14809.07,15454.08,30497.2
"86","NY",2008,6997372.81,749430.78,12354.42,7759158.01
"87","OH",2008,18015059.22,1708860.22,8070.58,19731990.02
"88","OK",2008,1186.99,939.98,3115.11,5242.08
"89","OR",2008,524814.27,302197.16,20091.2,847102.63
"90","PA",2008,2238872.56,772329.9,20690.29,3031892.75
"91","RI",2008,78,2347,940.31,3365.31
"92","SC",2008,3475.55,6193.71,3250.91,12920.17
"93","SD",2008,0,572,879.82,1451.82
"94","TN",2008,292.08,10155.49,12092.4,22539.97
"95","TX",2008,18671765.96,1094276.99,9670.24,19775713.19
"96","UT",2008,22701.49,26717.11,6446.05,55864.65
"97","VA",2008,14083265,1425448.78,11976.19,15520689.97
"98","VT",2008,219875.42,70621.02,3486.81,293983.25
"99","WA",2008,130485.73,165425.08,17195.23,313106.04
"100","WI",2008,7202790.46,1039757.77,14919.93,8257468.16
"101","WV",2008,1277.63,1655.04,608.65,3541.32
"102","WY",2008,1666.38,2989.71,2135.61,6791.7
"103","AK",2009,89762.16,52278.05,2263.65,144303.86
"104","AL",2009,0,459.88,238.6,698.48
"105","AR",2009,1269.26,1081.95,1279.34,3630.55
"106","AZ",2009,7383.27,18303.18,15640.69,41327.14
"107","CA",2009,19452836.45,2070667.22,54504.99,21578008.66
"108","CO",2009,21095113.55,2285814.82,49895.79,23430824.16
"109","CT",2009,3152.59,5471.25,2075.57,10699.41
"110","DC",2009,629.61,0,2948.61,3578.22
"111","DE",2009,73743.37,37560.36,2205.38,113509.11
"112","FL",2009,9028726.18,1297356.04,6426.66,10332508.88
"113","GA",2009,15110122.41,578799.07,3038.61,15691960.09
"114","HI",2009,5154.78,13292.91,1578.85,20026.54
"115","IA",2009,2714.54,2634.37,6487.26,11836.17
"116","ID",2009,4765.33,6797.91,3195.88,14759.12
"117","IL",2009,920737.45,46856.93,17090.05,984684.43
"118","IN",2009,9704.3,14744.42,9190.01,33638.73
"119","KS",2009,1869.36,1857.82,6970.03,10697.21
"120","KY",2009,76927.25,5312,5672.58,87911.83
"121","LA",2009,58728.33,34585.32,1513.57,94827.22
"122","MA",2009,64333.05,84522.98,11547.2,160403.23
"123","MD",2009,48841.34,24036.23,7577.58,80455.15
"124","ME",2009,74021.63,47649.73,5528.07,127199.43
"125","MI",2009,95754.44,94996.8,22590.99,213342.23
"126","MN",2009,221315.48,67335.83,7928.92,296580.23
"127","MO",2009,13429771.56,1382551.86,13213.42,14825536.84
"128","MS",2009,3521.57,3585.07,5.81,7112.45
"129","MT",2009,36322.98,35824.92,1827.57,73975.47
"130","NC",2009,7129633.14,766996.13,14406.8,7911036.07
"131","ND",2009,0,0,626.62,626.62
"132","NE",2009,2575.65,4091.47,5007.46,11674.58
"133","NH",2009,2817627.46,338988.75,4645.59,3161261.8
"134","NJ",2009,6522536.49,487051.21,4944.87,7014532.57
"135","NM",2009,6387.49,7739.68,8925.99,23053.16
"136","NV",2009,700.47,13983.77,14003.16,28687.4
"137","NY",2009,6307846.95,650087.06,12034.5,6969968.51
"138","OH",2009,17920640.25,1895495.69,7718.23,19823854.17
"139","OK",2009,2284.47,2578.47,2621.87,7484.81
"140","OR",2009,581456.86,325659.16,23391.44,930507.46
"141","PA",2009,2262763.16,953285.76,24100.19,3240149.11
"142","RI",2009,76,2430,692.41,3198.41
"143","SC",2009,4733.84,6192.25,2901.18,13827.27
"144","SD",2009,0,559,860.25,1419.25
"145","TN",2009,98.75,10982.71,11977.06,23058.52
"146","TX",2009,19020183.48,1131030.13,9814.02,20161027.63
"147","UT",2009,22586.94,25943.15,5941.77,54471.86
"148","VA",2009,13471382.64,1186492.73,12379.87,14670255.24
"149","VT",2009,217101.35,86533.33,3587.06,307221.74
"150","WA",2009,126287.74,155111.48,17651.64,299050.86
"151","WI",2009,9095536.35,1191461.86,14700.4,10301698.61
"152","WV",2009,734,1725.47,78,2537.47
"153","WY",2009,1851.16,2489.98,2518.9,6860.04
"154","AK",2010,80889.21,54395.32,1929.15,137213.68
"155","AL",2010,0,547.69,161.24,708.93
"156","AR",2010,1445.82,1318.17,1331.85,4095.84
"157","AZ",2010,10380.26,24410.52,16800.24,51591.02
"158","CA",2010,19095643.27,2198550.1,58276.38,21352469.75
"159","CO",2010,18742266.67,2279812.02,50584.87,21072663.56
"160","CT",2010,4822.66,6823.23,1988.38,13634.27
"161","DC",2010,184.8,0,3574.26,3759.06
"162","DE",2010,89753.27,48117.54,2308.99,140179.8
"163","FL",2010,9232548.52,1247064.73,7554.46,10487167.71
"164","GA",2010,14321565.18,518567.58,4165.69,14844298.45
"165","HI",2010,7518.77,15488.55,1680.25,24687.57
"166","IA",2010,3817.78,3780.36,6597.31,14195.45
"167","ID",2010,6143.5,6834.92,4089.04,17067.46
"168","IL",2010,935134.49,63152.26,20051.7,1018338.45
"169","IN",2010,13724.96,23055.64,10589.68,47370.28
"170","KS",2010,4887.37,3107.42,7579.85,15574.64
"171","KY",2010,68413.44,8190.89,5289.92,81894.25
"172","LA",2010,71390.8,43767.95,1775.2,116933.95
"173","MA",2010,72352.47,98121.54,12231.98,182705.99
"174","MD",2010,63027.57,29123.06,7525.49,99676.12
"175","ME",2010,88631.9,58015.64,6978.09,153625.63
"176","MI",2010,129159.89,118799.27,23176.79,271135.95
"177","MN",2010,212445.88,79534.59,8360.51,300340.98
"178","MO",2010,12455434.53,1183200.36,13289.38,13651924.27
"179","MS",2010,5188.87,5258.34,12.58,10459.79
"180","MT",2010,42673.97,41261.22,2944.97,86880.16
"181","NC",2010,6943748.84,903892.92,20184.07,7867825.83
"182","ND",2010,0,0,731.62,731.62
"183","NE",2010,4950.25,5688.77,5392.27,16031.29
"184","NH",2010,2885016.06,341517.58,5272.03,3231805.67
"185","NJ",2010,6920666.14,544599.19,5642.15,7470907.48
"186","NM",2010,9364.7,7838.24,12544.54,29747.48
"187","NV",2010,939.85,14741.33,15618.93,31300.11
"188","NY",2010,6376824.8,583310.58,11614.3,6971749.68
"189","OH",2010,18272288.93,2033529.73,8426,20314244.66
"190","OK",2010,2937.63,3395.64,2580.03,8913.3
"191","OR",2010,659065.27,341505.24,27650,1028220.51
"192","PA",2010,2685440.45,998172.5,26916.15,3710529.1
"193","RI",2010,1613,3236.99,788.29,5638.28
"194","SC",2010,6346.93,7558.6,3091.56,16997.09
"195","SD",2010,97.6,586,1186.62,1870.22
"196","TN",2010,112.1,12988.82,13633.63,26734.55
"197","TX",2010,18985409.81,1143881.77,10556.49,20139848.07
"198","UT",2010,28681.77,29194.74,5226.6,63103.11
"199","VA",2010,12809681.79,1152090.46,12732.37,13974504.62
"200","VT",2010,248184.49,105473.36,3661.94,357319.79
"201","WA",2010,128996.61,195436.87,19965.32,344398.8
"202","WI",2010,10240080.7,1130525.73,16669.97,11387276.4
"203","WV",2010,569.55,2582.42,7.16,3159.13
"204","WY",2010,1649.54,3852.33,2681.61,8183.48
"205","AK",2011,94781.57,58519.66,2251.02,155552.25
"206","AL",2011,658.96,1810.06,0,2469.02
"207","AR",2011,1382.06,1144.17,1124.98,3651.21
"208","AZ",2011,14057.56,32848.92,19897.83,66804.31
"209","CA",2011,18204514.85,2166028.35,65069.7,20435612.9
"210","CO",2011,18820319.55,2277201.65,60811.37,21158332.57
"211","CT",2011,5578.56,8033.77,2530.8,16143.13
"212","DC",2011,332.23,1366.16,1676.54,3374.93
"213","DE",2011,109745.27,57886.92,2541.38,170173.57
"214","FL",2011,9380672.31,1287687.46,6761.68,10675121.45
"215","GA",2011,14700163.67,482677.65,4248.35,15187089.67
"216","HI",2011,12683.85,19606.37,1886.65,34176.87
"217","IA",2011,4178.1,6320.58,6808.03,17306.71
"218","ID",2011,6407.47,7749.54,5305.86,19462.87
"219","IL",2011,911312.4,64148.06,22028.03,997488.49
"220","IN",2011,19393.24,36461.47,11063.82,66918.53
"221","KS",2011,9179.79,5670.63,8113.96,22964.38
"222","KY",2011,58747.18,9276.72,4597.34,72621.24
"223","LA",2011,81163.65,53422.01,1535.77,136121.43
"224","MA",2011,91092.86,119862.81,10142.24,221097.91
"225","MD",2011,74120.55,38254.66,7559.49,119934.7
"226","ME",2011,114906.5,77600.43,6717.44,199224.37
"227","MI",2011,198151.04,148703.06,23766.64,370620.74
"228","MN",2011,259668.58,101033.14,9205.09,369906.81
"229","MO",2011,12278066.32,1119507.94,14315.99,13411890.25
"230","MS",2011,6646.41,6867.94,3.23,13517.58
"231","MT",2011,50457.49,46957.49,3806.3,101221.28
"232","NC",2011,6600785.11,1010647.87,20768.59,7632201.57
"233","ND",2011,0,0,772.39,772.39
"234","NE",2011,5885.5,7000.95,6111.78,18998.23
"235","NH",2011,2734941.12,364000.89,5912.51,3104854.52
"236","NJ",2011,5908969.19,559276.11,5500.47,6473745.77
"237","NM",2011,14169.83,10594.14,13349.8,38113.77
"238","NV",2011,1790.02,7871.97,15819.59,25481.58
"239","NY",2011,5779655.18,604493.47,14572,6398720.65
"240","OH",2011,18312552.08,1886886.8,9229.08,20208667.96
"241","OK",2011,3593.6,4025.32,2354.06,9972.98
"242","OR",2011,772698.31,357821.43,32250.56,1162770.3
"243","PA",2011,3128166.8,1081543.3,32025.24,4241735.34
"244","RI",2011,1692,3371,901.31,5964.31
"245","SC",2011,10771.16,11769.84,3037.92,25578.92
"246","SD",2011,424.14,1237.88,824.63,2486.65
"247","TN",2011,1051.89,17597.04,9702.23,28351.16
"248","TX",2011,18934858.19,1152638.24,10299.17,20097795.6
"249","UT",2011,40477.43,34548.18,5238.62,80264.23
"250","VA",2011,12531661.75,1165692.37,12098.41,13709452.53
"251","VT",2011,289840.71,91368.48,3263.23,384472.42
"252","WA",2011,121471.16,218671.75,18205.29,358348.2
"253","WI",2011,9002320.57,981225.81,19882.13,10003428.51
"254","WV",2011,120.33,3264.98,0,3385.31
"255","WY",2011,1916.37,5055.71,3178.55,10150.63
"256","AK",2012,105416.32,65679.13,2312.43,173407.88
"257","AL",2012,2485.79,6453.45,46.5,8985.74
"258","AR",2012,8,125.94,1265.93,1399.87
"259","AZ",2012,18411.25,44792.72,19165.96,82369.93
"260","CA",2012,18940276.02,2272768.96,64239.95,21277284.93
"261","CO",2012,19267902.29,2290799.82,57966.73,21616668.84
"262","CT",2012,6372.31,6849.69,1876.05,15098.05
"263","DC",2012,1727.77,4257.53,1572.75,7558.05
"264","DE",2012,129493.68,65524.44,2718.28,197736.4
"265","FL",2012,9738023.02,1289450.36,6817.8,11034291.18
"266","GA",2012,15000803.63,480930.15,3480.3,15485214.08
"267","HI",2012,13350.64,19391.33,2084.01,34825.98
"268","IA",2012,4309.38,8572.43,6515.51,19397.32
"269","ID",2012,9112.66,11316.83,5376.69,25806.18
"270","IL",2012,786867.4,60573.7,23229.73,870670.83
"271","IN",2012,32664.02,48867.09,13120.19,94651.3
"272","KS",2012,9537.42,4768.33,7821.78,22127.53
"273","KY",2012,70540.28,11795.65,4949.54,87285.47
"274","LA",2012,98359.97,56196.18,1606.1,156162.25
"275","MA",2012,107665.45,131474.98,10298.65,249439.08
"276","MD",2012,75360.92,46213.33,6958.28,128532.53
"277","ME",2012,124123.97,97285.94,7404.9,228814.81
"278","MI",2012,284832.91,185386.44,25243.93,495463.28
"279","MN",2012,232657.19,115956.35,11376.94,359990.48
"280","MO",2012,12808818.03,1019244.02,14047.28,13842109.33
"281","MS",2012,8051.63,6481.96,40.12,14573.71
"282","MT",2012,53243.54,50865.95,4375.87,108485.36
"283","NC",2012,6735801.22,1054976.57,17604.53,7808382.32
"284","ND",2012,0,0,817.7,817.7
"285","NE",2012,6780.45,7244.52,5596.83,19621.8
"286","NH",2012,2927305.84,365463.83,6262.36,3299032.03
"287","NJ",2012,4572952.86,502680.99,5385.1,5081018.95
"288","NM",2012,17164.28,12803.35,13875.29,43842.92
"289","NV",2012,3647.33,4993.73,15331.77,23972.83
"290","NY",2012,6832275.59,668632.48,18110.04,7519018.11
"291","OH",2012,17318045.77,1790342.28,11293.61,19119681.66
"292","OK",2012,3706.66,4826.95,2198.78,10732.39
"293","OR",2012,848065.57,375659.57,34755.42,1258480.56
"294","PA",2012,3411033.49,1168462.04,33773.09,4613268.62
"295","RI",2012,2021.32,4104.34,716.47,6842.13
"296","SC",2012,12903.66,15831.87,2904.66,31640.19
"297","SD",2012,619.7,1521.5,773.45,2914.65
"298","TN",2012,380277,28387.58,10103.13,418767.71
"299","TX",2012,17941441.31,1144585.8,8503.31,19094530.42
"300","UT",2012,62120.44,43143.32,4595.18,109858.94
"301","VA",2012,13408374.35,1175467.01,10414.51,14594255.87
"302","VT",2012,273965.87,98154.92,2216.5,374337.29
"303","WA",2012,116944.26,240103.86,17362.29,374410.41
"304","WI",2012,8884190.43,1038914.37,18853.61,9941958.41
"305","WV",2012,23.18,3701.81,14.85,3739.84
"306","WY",2012,2580.15,5752.17,3528.21,11860.53
"307","AK",2013,112008.59,68867.58,2155.6,183031.77
"308","AL",2013,6634.43,11747.74,130.55,18512.72
"309","AR",2013,8,1078.21,558.14,1644.35
"310","AZ",2013,22318.65,59074.04,18763.52,100156.21
"311","CA",2013,17838853.36,2388676.84,60559.56,20288089.76
"312","CO",2013,18549122.13,2177094.68,60133.43,20786350.24
"313","CT",2013,21549.9,20486.04,1770.05,43805.99
"314","DC",2013,3546.13,5934.43,2250.9,11731.46
"315","DE",2013,148156.85,75629.27,2868.28,226654.4
"316","FL",2013,9521482.11,1260567.42,6440.29,10788489.82
"317","GA",2013,14681673.2,545302.04,4647.37,15231622.61
"318","HI",2013,13208.44,18107.58,1972.63,33288.65
"319","IA",2013,5519.98,13243.72,6003.19,24766.89
"320","ID",2013,11093.1,15294.81,4675.48,31063.39
"321","IL",2013,944038.45,68420.11,26271.03,1038729.59
"322","IN",2013,37750.09,61510.42,13119.35,112379.86
"323","KS",2013,11226.9,6125.65,7415.82,24768.37
"324","KY",2013,78440.18,19416.85,6460.08,104317.11
"325","LA",2013,101715.41,62679.68,1723.51,166118.6
"326","MA",2013,127282.86,126580.1,12570.98,266433.94
"327","MD",2013,89731.45,52907.04,7771.25,150409.74
"328","ME",2013,122877.92,110683.11,7960.51,241521.54
"329","MI",2013,272746.16,227414.7,28431.97,528592.83
"330","MN",2013,253317.42,133102.69,11984.66,398404.77
"331","MO",2013,12586027.39,942359.26,12949.37,13541336.02
"332","MS",2013,10044.08,6907.14,0,16951.22
"333","MT",2013,56224.96,54321.28,4373.97,114920.21
"334","NC",2013,6515751.81,988300.04,21871.66,7525923.51
"335","ND",2013,133.11,590.57,1374.55,2098.23
"336","NE",2013,2073.18,3840.44,6392.8,12306.42
"337","NH",2013,2854790.85,381402.55,6077.87,3242271.27
"338","NJ",2013,4264380.69,443199.05,5535.97,4713115.71
"339","NM",2013,18327.17,15093.44,13652.7,47073.31
"340","NV",2013,4561.27,5702.72,14612.82,24876.81
"341","NY",2013,7166945.25,674239.5,24800.93,7865985.68
"342","OH",2013,16646929.63,1726077.24,11632.86,18384639.73
"343","OK",2013,3141.24,4840.77,2381.47,10363.48
"344","OR",2013,937521.77,415935.76,37006.39,1390463.92
"345","PA",2013,4005887.4,1172679.83,31943.35,5210510.58
"346","RI",2013,4181.58,5174.14,830.8,10186.52
"347","SC",2013,17725.52,18103.48,2711.72,38540.72
"348","SD",2013,785.06,1753.5,909.14,3447.7
"349","TN",2013,560336.92,31767.12,9965.75,602069.79
"350","TX",2013,18373013.26,1038542.78,9242.6,19420798.64
"351","UT",2013,80300.79,45937.83,3953.1,130191.72
"352","VA",2013,12891463.92,1134449.57,12450.88,14038364.37
"353","VT",2013,271560.29,98852.28,2563.85,372976.42
"354","WA",2013,125917.12,274558.65,17770.87,418246.64
"355","WI",2013,9038409.69,1071651.35,19250.29,10129311.33
"356","WV",2013,87.86,4525.59,422.15,5035.6
"357","WY",2013,2755.25,7216.88,3544.63,13516.76
"358","AK",2014,129181.74,73823.62,2114.97,205120.33
"359","AL",2014,9521.26,13749.96,226.25,23497.47
"360","AR",2014,800.09,2787.48,657.12,4244.69
"361","AZ",2014,29645.05,80214.06,17173,127032.11
"362","CA",2014,18052809.23,2330092.84,65035.4,20447937.47
"363","CO",2014,18035909.8,2207491.04,72839.26,20316240.1
"364","CT",2014,50874.7,33903.03,1447.6,86225.33
"365","DC",2014,4265.73,8335.8,4504.3,17105.83
"366","DE",2014,167806.22,82037.96,2771.7,252615.88
"367","FL",2014,9439058.04,1242022.65,6585.28,10687665.97
"368","GA",2014,13929282.27,489713.84,4432.32,14423428.43
"369","HI",2014,13039.35,21582.44,1380.6,36002.39
"370","IA",2014,8090.96,21448.89,5676.54,35216.39
"371","ID",2014,14718.98,17477.57,4573.66,36770.21
"372","IL",2014,946826.09,145486.79,91311.09,1183623.97
"373","IN",2014,48204.65,66614.28,16356.6,131175.53
"374","KS",2014,15852.43,7418.78,7461.26,30732.47
"375","KY",2014,86161.38,24748.1,6234.52,117144
"376","LA",2014,109386.36,69442.53,1579.1,180407.99
"377","MA",2014,133223.43,128941.15,10352.16,272516.74
"378","MD",2014,104085.75,58176.63,7534.65,169797.03
"379","ME",2014,132025.53,116113.35,7501.97,255640.85
"380","MI",2014,419973.01,297520.14,31218.34,748711.49
"381","MN",2014,285724.01,154949.51,12425.12,453098.64
"382","MO",2014,12366680.51,891963.11,13379.38,13272023
"383","MS",2014,13409.98,7726.08,0,21136.06
"384","MT",2014,64538.3,58998.91,5997.94,129535.15
"385","NC",2014,6311112.23,971829.71,19005.47,7301947.41
"386","ND",2014,1363.95,2601.31,1346.63,5311.89
"387","NE",2014,12738.17,13753.51,3651.12,30142.8
"388","NH",2014,2745595.26,367976.5,6006.92,3119578.68
"389","NJ",2014,4316395.59,447843.58,5907.92,4770147.09
"390","NM",2014,26140.3,21957.12,13396.75,61494.17
"391","NV",2014,6322.08,8085.97,16234.04,30642.09
"392","NY",2014,6749799.4,596752.77,38325.34,7384877.51
"393","OH",2014,17044931.31,1643427.98,12905.42,18701264.71
"394","OK",2014,5620.53,6110,2459.74,14190.27
"395","OR",2014,1036589.35,479575.19,33472.7,1549637.24
"396","PA",2014,4246712.36,1244846.05,30228.3,5521786.71
"397","RI",2014,4949.18,4551.43,987.13,10487.74
"398","SC",2014,21211.65,19762.34,3131.64,44105.63
"399","SD",2014,823.65,1923.75,1336.27,4083.67
"400","TN",2014,696681.85,60753.94,9220.38,766656.17
"401","TX",2014,18841742.38,1060536.45,9471.81,19911750.64
"402","UT",2014,101610.11,51425.32,5875.72,158911.15
"403","VA",2014,12259344.53,1048495.09,12352.47,13320192.09
"404","VT",2014,258101.46,93531.96,2692.34,354325.76
"405","WA",2014,140925.38,297547.82,18066.36,456539.56
"406","WI",2014,9100215.78,1066520.15,17885.54,10184621.47
"407","WV",2014,43.45,5160.63,420.5,5624.58
"408","WY",2014,2447.42,8379.14,3133.63,13960.19
"409","AK",2015,126309.22,74606.28,4511.48,205426.98
"410","AL",2015,10543,11465.23,6109.99,28118.22
"411","AR",2015,872.11,6965.83,1609.38,9447.32
"412","AZ",2015,44032.85,74997.94,29869.1,148899.89
"413","CA",2015,17701780.59,2220498.84,124974.7,20047254.13
"414","CO",2015,17755216.77,2083226.02,121814.79,19960257.58
"415","CT",2015,80241.6,38194.71,13218.19,131654.5
"416","DC",2015,9222.28,8925.18,7207.31,25354.77
"417","DE",2015,176483.9,83489.86,5865.02,265838.78
"418","FL",2015,9842764.82,1245516.38,38265.32,11126546.52
"419","GA",2015,12869372.66,463799.45,17920.74,13351092.85
"420","HI",2015,17643.83,25424.3,4131.2,47199.33
"421","IA",2015,6886.79,15321.13,17866.34,40074.26
"422","ID",2015,15257.78,16864.87,13809.09,45931.74
"423","IL",2015,1177503.56,214051.58,46217.44,1437772.58
"424","IN",2015,55466.71,66387.49,32880.57,154734.77
"425","KS",2015,19051.11,8041.3,6624.1,33716.51
"426","KY",2015,99595.65,30952.49,7183.35,137731.49
"427","LA",2015,109962.3,72007.58,6238.54,188208.42
"428","MA",2015,140674.77,149185.25,18915.57,308775.59
"429","MD",2015,113778.85,64705.32,17339.14,195823.31
"430","ME",2015,136646.89,117491.36,14981.92,269120.17
"431","MI",2015,542697.93,330798.01,55195.44,928691.38
"432","MN",2015,314887.35,154250.32,35484.79,504622.46
"433","MO",2015,12493739.84,881247.94,18369.1,13393356.88
"434","MS",2015,11793.55,5999.23,6197.57,23990.35
"435","MT",2015,71159.76,53876.38,25759.63,150795.77
"436","NC",2015,6341549.69,991004.06,52073.41,7384627.16
"437","ND",2015,1891.37,3456.6,2322.25,7670.22
"438","NE",2015,10792.33,10422.01,6340.13,27554.47
"439","NH",2015,2856383.87,347827.51,8634.11,3212845.49
"440","NJ",2015,3221454.37,423001.17,19453.22,3663908.76
"441","NM",2015,30487.22,26192.78,14181.52,70861.52
"442","NV",2015,6091,5161.63,21635.99,32888.62
"443","NY",2015,7218516.11,589153.27,44491.79,7852161.17
"444","OH",2015,18060472.31,1628062.64,30296.19,19718831.14
"445","OK",2015,6990.95,4539.32,9930.51,21460.78
"446","OR",2015,1089613.2,489128.91,88028.35,1666770.46
"447","PA",2015,4140992.46,1156462.98,44275.02,5341730.46
"448","RI",2015,5592.76,3969.48,961.74,10523.98
"449","SC",2015,24319.79,19492.06,11328.32,55140.17
"450","SD",2015,1028.03,2406.63,1731.45,5166.11
"451","TN",2015,1073651.26,87084.56,18757.66,1179493.48
"452","TX",2015,18151237.17,1037119.99,62757.74,19251114.9
"453","UT",2015,117512.5,54961.49,4302.44,176776.43
"454","VA",2015,11190928.41,1017740.25,36003.33,12244671.99
"455","VT",2015,264417.4,89387.18,10792.93,364597.51
"456","WA",2015,163346.76,291509.7,45357.11,500213.57
"457","WI",2015,9090297.72,937817.99,34649.49,10062765.2
"458","WV",2015,60.86,6640.44,3653.33,10354.63
"459","WY",2015,3409.94,9671.7,5403.2,18484.84
"460","AK",2016,115823.75,69473.78,13315.93,198613.46
"461","AL",2016,9977.46,11846.23,23810.78,45634.47
"462","AR",2016,1737.1,9058.3,6091.89,16887.29
"463","AZ",2016,59031.78,71863.7,41613.95,172509.43
"464","CA",2016,17569308.63,2165833.96,201066.01,19936208.6
"465","CO",2016,18105206.85,1898362.52,141312.55,20144881.92
"466","CT",2016,85586.12,47595.2,10705.61,143886.93
"467","DC",2016,9485.89,9664.33,8969.72,28119.94
"468","DE",2016,174130.96,78225.11,7647.56,260003.63
"469","FL",2016,10028963.53,1186318.43,88092.72,11303374.68
"470","GA",2016,13468949.41,533283.65,30539.97,14032773.03
"471","HI",2016,24101.03,28641.98,5623.03,58366.04
"472","IA",2016,4303.13,7700.13,29975.6,41978.86
"473","ID",2016,15422.23,16296.75,7812.7,39531.68
"474","IL",2016,1281395.63,243183,72776.5,1597355.13
"475","IN",2016,67624,68150,36829.47,172603.47
"476","KS",2016,17069.96,9585.41,9095.51,35750.88
"477","KY",2016,97413.84,30049.37,16546.76,144009.97
"478","LA",2016,104479.26,61638.35,9478.39,175596
"479","MA",2016,168617.48,138987.97,78787.14,386392.59
"480","MD",2016,110105.25,68486.52,23190.15,201781.92
"481","ME",2016,136065.27,120823.77,27827.95,284716.99
"482","MI",2016,630694.91,329891.64,100487.69,1061074.24
"483","MN",2016,305430.57,159728.02,50565.24,515723.83
"484","MO",2016,12567319.73,913652.28,27933.48,13508905.49
"485","MS",2016,8237.78,5060.32,6899.51,20197.61
"486","MT",2016,65207.68,50679.09,30906.36,146793.13
"487","NC",2016,3389539.45,561127.2,106408.5,4057075.15
"488","ND",2016,771.99,1867.45,2809.64,5449.08
"489","NE",2016,13944.91,14472.86,9731.87,38149.64
"490","NH",2016,2837839.95,317004.98,16905.67,3171750.6
"491","NJ",2016,2660433.24,376621.44,35059.6,3072114.28
"492","NM",2016,29126.65,27804.17,14793.89,71724.71
"493","NV",2016,6477.36,8279.46,17457.76,32214.58
"494","NY",2016,7555530.53,566871.56,57825.54,8180227.63
"495","OH",2016,18130886.35,1457112.02,50547.69,19638546.06
"496","OK",2016,8597.36,5642.57,9525.21,23765.14
"497","OR",2016,1124515.37,477381.22,110352.94,1712249.53
"498","PA",2016,3853670.66,1035752.73,55589.65,4945013.04
"499","RI",2016,6646.02,3675.99,5280.88,15602.89
"500","SC",2016,20753.29,13380.82,30163.3,64297.41
"501","SD",2016,935.83,2606.53,3217.49,6759.85
"502","TN",2016,1116453.27,72261.38,35673.47,1224388.12
"503","TX",2016,18582286.52,1073417.23,101466.52,19757170.27
"504","UT",2016,124719.01,54169.39,6283.83,185172.23
"505","VA",2016,11211279.68,1253898.31,68666.78,12533844.77
"506","VT",2016,220195.37,68330.18,13299.51,301825.06
"507","WA",2016,139649.07,251896.07,78538.88,470084.02
"508","WI",2016,9142816.33,1010565.53,55487.79,10208869.65
"509","WV",2016,40.86,3835.3,6766.41,10642.57
"510","WY",2016,6946.93,8328.08,14370.22,29645.23
"511","AK",2017,109652.22,66217.06,15974.1,191843.38
"512","AL",2017,11797.8,8771.22,29160.56,49729.58
"513","AR",2017,8723.15,4824.97,13441.2,26989.32
"514","AZ",2017,66483.94,70469.77,45424.11,182377.82
"515","CA",2017,16705423.6,2178070.92,293554.62,19177049.14
"516","CO",2017,17964522.31,1560670.89,163026.9,19688220.1
"517","CT",2017,123130.64,93599.78,21767.05,238497.47
"518","DC",2017,10449.74,9813.66,11096.42,31359.82
"519","DE",2017,214555.74,74403.02,9254.17,298212.93
"520","FL",2017,9755349.98,1173282.12,122617.24,11051249.34
"521","GA",2017,13440658.34,499930.03,51488.76,13992077.13
"522","HI",2017,30194.62,32067.39,8503.95,70765.96
"523","IA",2017,5108.17,12338,49090.14,66536.31
"524","ID",2017,16421.24,17439.22,9438.59,43299.05
"525","IL",2017,1127874.13,229367.33,104165.94,1461407.4
"526","IN",2017,72637.37,63530.02,42795.43,178962.82
"527","KS",2017,16123.88,10026.43,11772.39,37922.7
"528","KY",2017,115167.63,32458.9,27147.95,174774.48
"529","LA",2017,102647.73,53685.02,16448.69,172781.44
"530","MA",2017,232429.02,162431.53,85176.38,480036.93
"531","MD",2017,109556.2,69714.09,28127.45,207397.74
"532","ME",2017,126135.75,116743.91,36717.92,279597.58
"533","MI",2017,781680.17,347771.21,126317.83,1255769.21
"534","MN",2017,331456.26,159497.56,61178.19,552132.01
"535","MO",2017,12110143.63,840259.38,28606.86,12979009.87
"536","MS",2017,6798.97,4474.17,8898.59,20171.73
"537","MT",2017,67927.38,47842.61,35410.18,151180.17
"538","NC",2017,880391.57,289428.28,122669.87,1292489.72
"539","ND",2017,1480.51,3219.15,5287.38,9987.04
"540","NE",2017,13914.72,13928.55,16999.38,44842.65
"541","NH",2017,2746031.96,292497.8,27295.21,3065824.97
"542","NJ",2017,2439250.35,367964.45,51339.57,2858554.37
"543","NM",2017,38350.28,34733.93,18654.17,91738.38
"544","NV",2017,8418.87,10871.8,14372.05,33662.72
"545","NY",2017,7507875.58,520583.59,78958.19,8107417.36
"546","OH",2017,17733218.04,1383472.57,79394.13,19196084.74
"547","OK",2017,8032.06,5409.25,10922.26,24363.57
"548","OR",2017,1019538.32,643288.16,131075.08,1793901.56
"549","PA",2017,3637399.93,946253.9,69737.43,4653391.26
"550","RI",2017,16985.26,7854.41,6891.13,31730.8
"551","SC",2017,20894.82,20748.53,30800.78,72444.13
"552","SD",2017,1132.85,3319.71,6582.66,11035.22
"553","TN",2017,1307141.77,64760.02,39494.25,1411396.04
"554","TX",2017,18110667.95,1057055.7,143879.86,19311603.51
"555","UT",2017,126456.78,54184.15,8391.41,189032.34
"556","VA",2017,12678626.95,1463360.4,114900.37,14256887.72
"557","VT",2017,208884.06,64791.32,20568.82,294244.2
"558","WA",2017,142440.45,222188.23,97744.72,462373.4
"559","WI",2017,9189949.38,1093376.11,68905.03,10352230.52
"560","WV",2017,15.6,3564.32,8218.02,11797.94
"561","WY",2017,7393.61,8312.15,27214.46,42920.22
"562","AK",2018,100038.94,62922.15,30620.23,193581.32
"563","AL",2018,14241.33,9873.67,41718.66,65833.66
"564","AR",2018,1668.5,1623.57,25150.46,28442.53
"565","AZ",2018,56861.38,71892.05,47009.71,175763.14
"566","CA",2018,16122748.84,2054263.98,359636.06,18536648.88
"567","CO",2018,16457400.82,1598523.94,176577.49,18232502.25
"568","CT",2018,117099.4,50128.49,26871.86,194099.75
"569","DC",2018,11505.98,8975.52,10027.41,30508.91
"570","DE",2018,217018.27,68113.87,13816.8,298948.94
"571","FL",2018,9944711.04,1211791.38,138723.04,11295225.46
"572","GA",2018,13665906.76,460632.48,51856.22,14178395.46
"573","HI",2018,34458.29,34821.42,12037.94,81317.65
"574","IA",2018,10200.98,9353.45,74918.83,94473.26
"575","ID",2018,14567.03,15268.86,12906.99,42742.88
"576","IL",2018,1209497.06,219382.35,134257.55,1563136.96
"577","IN",2018,68032.19,56023.45,49318.85,173374.49
"578","KS",2018,6626.39,6342.37,12510.22,25478.98
"579","KY",2018,129683.59,28653.06,27648.33,185984.98
"580","LA",2018,97625.45,48367.7,24619.93,170613.08
"581","MA",2018,233473.01,154797.7,57305.4,445576.11
"582","MD",2018,221125.22,70807.06,30431.62,322363.9
"583","ME",2018,83500.42,97260.97,49649.08,230410.47
"584","MI",2018,902093.81,359017.74,126231.72,1387343.27
"585","MN",2018,442264.6,152641.92,85052.12,679958.64
"586","MO",2018,11927936.41,763851.31,31234.65,12723022.37
"587","MS",2018,6788.76,3666.89,10462.16,20917.81
"588","MT",2018,63609.62,44290.04,40821.3,148720.96
"589","NC",2018,935057.28,298636.47,181068.92,1414762.67
"590","ND",2018,241.84,299.88,6723.49,7265.21
"591","NE",2018,13114.23,11217.22,23984.61,48316.06
"592","NH",2018,2579021.31,295253.52,38366.97,2912641.8
"593","NJ",2018,2770939.78,370889.34,59781.77,3201610.89
"594","NM",2018,48212.94,37733.8,21234.68,107181.42
"595","NV",2018,12241.81,12423.11,16923.86,41588.78
"596","NY",2018,7428652.03,466871,112324.25,8007847.28
"597","OH",2018,16201555.3,1359048.25,99966.84,17660570.39
"598","OK",2018,183.59,968.47,16905.78,18057.84
"599","OR",2018,990592.29,404151.01,121831.69,1516574.99
"600","PA",2018,4126266.57,905758.65,78428.55,5110453.77
"601","RI",2018,32268.25,15630.68,15674.07,63573
"602","SC",2018,19482.87,14709.1,38081.25,72273.22
"603","SD",2018,877.45,2298.83,8928.3,12104.58
"604","TN",2018,1750984.8,54131.48,57029.15,1862145.43
"605","TX",2018,16987670.45,1069103.27,162547.36,18219321.08
"606","UT",2018,110817.78,51234.23,10153.87,172205.88
"607","VA",2018,12333484.1,1272328.62,118672.93,13724485.65
"608","VT",2018,187172.15,66620.54,19980.23,273772.92
"609","WA",2018,174684.94,222168.19,121733.57,518586.7
"610","WI",2018,9225292.71,1047608.3,71830.22,10344731.23
"611","WV",2018,20.73,3278.68,7252.5,10551.91
"612","WY",2018,11129.22,16731.39,15298.08,43158.69
